value,variable,year,country,continent,mean_GDPPP,change_bii,change_gdp
0.9666428565979,bii,1970,Algeria,Africa,4546.540261,0,0
1,bii,1970,Egypt,Africa,2404.7508645,0,0
0.943248569965363,bii,1970,Burkina Faso,Africa,799.06150655,0,0
0.912322700023651,bii,1970,Mali,Africa,633.8820727,0,0
0.846238791942596,bii,1970,Mauritania,Africa,1542.172002,0,0
0.910323441028595,bii,1970,Niger,Africa,881.55315455,0,0
0.648667395114899,bii,1970,Rwanda,Africa,630.3306324499999,0,0
0.712282001972198,bii,1970,Somalia,Africa,1352.78432,0,0
0.939714550971985,bii,1970,Central African Republic,Africa,1089.6938065,0,0
0.873527348041534,bii,1970,Cameroon,Africa,1733.7897005,0,0
0.91561633348465,bii,1970,Canada,Americas,20530.72696,0,0
0.7240309715271,bii,1970,Costa Rica,Americas,5522.511953,0,0
0.78275728225708,bii,1970,Mexico,Americas,7242.167899,0,0
0.714490532875061,bii,1970,Nicaragua,Americas,5087.482178,0,0
0.834756910800934,bii,1970,Panama,Americas,5358.0809035,0,0
0.76144552230835,bii,1970,Afghanistan,Asia,763.0472328999999,0,0
0.829300820827484,bii,1970,Cambodia,Asia,473.29810445,0,0
0.888413429260254,bii,1970,Malaysia,Asia,3338.5081755,0,0
0.812621116638184,bii,1970,Thailand,Asia,1742.7917855,0,0
1,bii,1970,Bahrain,Asia,18804.380175,0,0
1,bii,1970,Iraq,Asia,12132.136333,0,0
1,bii,1970,Jordan,Asia,2481.6039385,0,0
0.776295304298401,bii,1970,Turkey,Europe,3859.909353,0,0
0.545205414295197,bii,1970,Netherlands,Europe,20001.902435,0,0
0.804360032081604,bii,1970,Sudan,Africa,1931.320599,0,0
0.694474816322327,bii,1970,Togo,Africa,1591.218593,0,0
0.830896735191345,bii,1970,Djibouti,Africa,3387.986687,0,0
0.623231112957001,bii,1970,Eritrea,Africa,510.03900795000004,0,0
0.782936036586761,bii,1970,Kenya,Africa,1244.986586,0,0
0.647623419761658,bii,1970,Madagascar,Africa,1646.3957839999998,0,0
0.505021214485168,bii,1970,Mauritius,Africa,3143.2335605,0,0
0.737903594970703,bii,1970,Uganda,Africa,897.2345031,0,0
0.951804578304291,bii,1970,Sao Tome and Principe,Africa,1635.2734555,0,0
0.557470917701721,bii,1970,Lesotho,Africa,620.9755665,0,0
0.621075212955475,bii,1970,South Africa,Africa,7897.307037500001,0,0
0.692850172519684,bii,1970,Australia,Oceania,17561.413495,0,0
0.89105498790741,bii,1970,Chile,Americas,5125.3941365,0,0
0.834875106811523,bii,1970,Paraguay,Americas,2885.855644,0,0
0.749104201793671,bii,1970,Guatemala,Americas,4455.7005094999995,0,0
0.70697820186615,bii,1970,Jamaica,Americas,7042.0424330000005,0,0
0.831409931182861,bii,1970,Japan,Asia,15694.581685000001,0,0
0.822469472885132,bii,1970,Nepal,Asia,684.4502847,0,0
0.805683732032776,bii,1970,Indonesia,Asia,1246.9049815,0,0
1,bii,1970,Oman,Asia,11233.191234999998,0,0
0.845852375030518,bii,1970,Saudi Arabia,Asia,29502.595625,0,0
0.647664368152618,bii,1970,Greece,Europe,13460.176925,0,0
0.498726040124893,bii,1970,Serbia,Europe,11751.368525,0,0
0.59458714723587,bii,1970,Romania,Europe,8683.905821,0,0
0.394373565912247,bii,1970,Denmark,Europe,19644.554355,0,0
0.803678452968597,bii,1970,Iceland,Europe,17726.513045,0,0
0.992076992988586,bii,1970,Benin,Africa,1057.479065,0,0
0.722684264183044,bii,1970,Ghana,Africa,1085.72383255,0,0
0.715535283088684,bii,1970,Guinea-Bissau,Africa,792.4752751999999,0,0
0.766747415065765,bii,1970,Liberia,Africa,721.6639459,0,0
0.752332031726837,bii,1970,Sierra Leone,Africa,1351.0224604999999,0,0
0.87382560968399,bii,1970,Comoros,Africa,1555.090361,0,0
0.555017948150635,bii,1970,New Zealand,Oceania,16139.877489999999,0,0
0.772275805473328,bii,1970,Argentina,Americas,9761.032632999999,0,0
0.757404088973999,bii,1970,Honduras,Americas,2866.5252055,0,0
0.71792870759964,bii,1970,Cuba,Americas,5842.9701110000005,0,0
0.518196761608124,bii,1970,Haiti,Americas,1764.3779385,0,0
0.459747016429901,bii,1970,Mongolia,Asia,1534.62682,0,0
0.754063308238983,bii,1970,Sri Lanka,Asia,1281.0855904999999,0,0
0.834772109985352,bii,1970,Myanmar,Asia,364,0,0
0.956991970539093,bii,1970,Israel,Asia,13046.775720000001,0,0
0.509894549846649,bii,1970,Italy,Europe,13262.629265,0,0
0.710155367851257,bii,1970,Slovenia,Europe,13830.258184999999,0,0
0.483199328184128,bii,1970,Hungary,Europe,10921.746739999999,0,0
0.946201384067535,bii,1970,Norway,Europe,21138.202449999997,0,0
0.877158164978027,bii,1970,Sweden,Europe,18343.874925,0,0
0.562736570835114,bii,1970,Belgium,Europe,17895.05902,0,0
0.597532510757446,bii,1970,Germany,Europe,19264.550750000002,0,0
0.57273405790329,bii,1970,France,Europe,17199.913425,0,0
1,bii,1970,Libya,Africa,21481.354485,0,0
0.771066009998322,bii,1970,Tunisia,Africa,2937.0814025,0,0
0.548238813877106,bii,1970,Burundi,Africa,510.1013845,0,0
0.791537463665009,bii,1970,Ethiopia,Africa,561.5261638,0,0
0.763442695140839,bii,1970,Angola,Africa,4240.96768,0,0
0.895837068557739,bii,1970,Equatorial Guinea,Africa,815.4895347500001,0,0
0.845864832401276,bii,1970,Brazil,Americas,5822.9150604999995,0,0
0.938945055007935,bii,1970,Peru,Americas,6109.559069,0,0
0.367548555135727,bii,1970,Uruguay,Americas,6103.8742805,0,0
0.678970873355865,bii,1970,Dominican Republic,Americas,2435.9316995,0,0
0.915980100631714,bii,1970,Pakistan,Asia,1112.930087,0,0
0.806017398834229,bii,1970,Morocco,Africa,2150.4074755,0,0
0.746500253677368,bii,1970,Philippines,Asia,2181.2891785,0,0
0.604326844215393,bii,1970,Guinea,Africa,808.1760475000001,0,0
0.392500162124634,bii,1970,Singapore,Asia,9903.922841,0,0
0.751957595348358,bii,1970,Gambia,Africa,820.4210435,0,0
0.516928732395172,bii,1970,Nigeria,Africa,1840.170322,0,0
0.680191040039062,bii,1970,Albania,Europe,3423.213049,0,0
0.829121947288513,bii,1970,Senegal,Africa,1579.740586,0,0
0.702165961265564,bii,1970,Mozambique,Africa,613.61876855,0,0
0.622248470783234,bii,1970,Bosnia and Herzegovina,Europe,3194.3255275,0,0
0.826385796070099,bii,1970,Malawi,Africa,623.9228237499999,0,0
0.620099306106567,bii,1970,Spain,Europe,11937.83624,0,0
0.774593412876129,bii,1970,Croatia,Europe,10234.737648499999,0,0
0.900304913520813,bii,1970,Zambia,Africa,1681.0932819999998,0,0
0.735263645648956,bii,1970,Portugal,Europe,9597.366568500001,0,0
0.946389853954315,bii,1970,Zimbabwe,Africa,742.47492895,0,0
0.591985106468201,bii,1970,Poland,Europe,8757.3242235,0,0
0.83187472820282,bii,1970,Gabon,Africa,16573.760845,0,0
0.935453057289124,bii,1970,Finland,Europe,14982.149365,0,0
0.803081870079041,bii,1970,Chad,Africa,1119.0444685,0,0
0.827884495258331,bii,1970,Botswana,Africa,2739.234466,0,0
0.767988801002502,bii,1970,Namibia,Africa,3811.283453,0,0
0.647369563579559,bii,1970,Austria,Europe,18205.52395,0,0
0.495136260986328,bii,1970,Switzerland,Europe,27088.70178,0,0
0.716960310935974,bii,1970,Colombia,Americas,3540.2339555,0,0
0.871626496315002,bii,1970,Ecuador,Americas,5980.308985,0,0
0.468164950609207,bii,1970,El Salvador,Americas,4829.584191,0,0
0.44877952337265,bii,1970,Puerto Rico,Americas,9446.783331499999,0,0
0.800195336341858,bii,1970,Trinidad and Tobago,Americas,7259.552814000001,0,0
0.743012249469757,bii,1970,China,Asia,709.068781,0,0
0.363551825284958,bii,1970,Bangladesh,Asia,645.0554293499999,0,0
0.637515723705292,bii,1970,India,Asia,768.684925,0,0
1,bii,1970,Kuwait,Asia,84306.67207,0,0
0.6242396235466,bii,1970,Lebanon,Asia,8073.0405885,0,0
0.488326460123062,bii,1970,Montenegro,Europe,8687.171961,0,0
0.682000875473022,bii,1970,Bulgaria,Europe,7104.867418,0,0
0.348869621753693,bii,1970,Ireland,Europe,10340.877013000001,0,0
NA,NA,1970,Bolivia,Americas,3264.2145855,NA,0
NA,NA,1970,"Congo, Dem. Rep.",Africa,850.32667525,NA,0
NA,NA,1970,"Congo, Rep.",Africa,3236.1658305,NA,0
NA,NA,1970,Cote d'Ivoire,Africa,2447.968829,NA,0
NA,NA,1970,Czech Republic,Europe,13954.307110000002,NA,0
NA,NA,1970,"Hong Kong, China",Asia,9751.0346975,NA,0
NA,NA,1970,Iran,Asia,10751.2068435,NA,0
NA,NA,1970,"Korea, Dem. Rep.",Asia,3903.961376,NA,0
NA,NA,1970,"Korea, Rep.",Asia,3844.048835,NA,0
NA,NA,1970,Reunion,Africa,4683.731315,NA,0
NA,NA,1970,Slovak Republic,Europe,10298.415833,NA,0
NA,NA,1970,Swaziland,Africa,3573.1236215,NA,0
NA,NA,1970,Syria,Asia,2883.453798,NA,0
NA,NA,1970,Taiwan,Asia,4829.521861499999,NA,0
NA,NA,1970,Tanzania,Africa,939.2386762,NA,0
NA,NA,1970,United Kingdom,Europe,16661.932435,NA,0
NA,NA,1970,United States,Americas,22939.334035,NA,0
NA,NA,1970,Venezuela,Americas,11824.605305000001,NA,0
NA,NA,1970,Vietnam,Asia,706.51938185,NA,0
NA,NA,1970,West Bank and Gaza,Asia,3408.1203855000003,NA,0
NA,NA,1970,"Yemen, Rep.",Asia,1547.4061040000001,NA,0
0.998494625091553,bii,1980,Libya,Africa,14567.43259,-0.15053749084470436,-32.18568875546397
0.772305727005005,bii,1980,Morocco,Africa,2728.8336735000003,-4.182499270857221,26.898446205666573
0.929442703723907,bii,1980,Burkina Faso,Africa,859.6308636,-1.463650906140566,7.5800619293391
0.696926176548004,bii,1980,Ghana,Africa,861.51934125,-3.5642242278733014,-20.65023209202464
0.731067061424255,bii,1980,Gambia,Africa,723.73423595,-2.778153190197525,-11.785022863080673
0.764573454856873,bii,1980,Liberia,Africa,539.15671335,-0.28353016471605336,-25.289781149090384
0.904307067394257,bii,1980,Niger,Africa,789.0110791,-0.6609050545309367,-10.497617185345943
0.739865601062775,bii,1980,Sierra Leone,Africa,1379.729286,-1.6570384003785805,2.1248222245969206
0.786867558956146,bii,1980,Ethiopia,Africa,575.80103065,-0.5899789868745047,2.542155249436319
0.557510077953339,bii,1980,Rwanda,Africa,864.78093185,-14.053013585708788,37.19481290140179
0.722626030445099,bii,1980,Somalia,Africa,1135.0259970000002,1.4522377996720317,-16.097046645247914
0.689428269863129,bii,1980,Uganda,Africa,649.99531665,-6.569330389222271,-27.555693143294597
0.898082375526428,bii,1980,Zambia,Africa,1310.9968405,-0.2468650299478353,-22.015223394367233
0.827529311180115,bii,1980,Botswana,Africa,5378.513,-0.04290261265312945,96.35095377045393
0.571350395679474,bii,1980,Lesotho,Africa,785.62816075,2.4897223401309945,26.515148603676984
0.687921702861786,bii,1980,Australia,Oceania,20682.949155,-0.7113326738412453,17.77496817604543
0.935937941074371,bii,1980,Peru,Americas,6397.722620500001,-0.3202651654136031,4.716601447756634
0.728664994239807,bii,1980,Guatemala,Americas,4533.490382,-2.7284865716844062,1.74585056455533
0.816096603870392,bii,1980,Panama,Americas,7022.1903795,-2.235418082689219,31.05793857858644
0.647017598152161,bii,1980,Cuba,Americas,7424.921435,-9.877179822571366,27.074438067410465
0.797291398048401,bii,1980,Trinidad and Tobago,Americas,8254.063215,-0.3629036763364009,13.699334194278368
0.843554675579071,bii,1980,Cambodia,Asia,654.1855258,1.7187797712975126,38.21849689429917
1,bii,1980,Iraq,Asia,13080.739894999999,0,7.8189325932626605
0.846677303314209,bii,1980,Saudi Arabia,Asia,27445.718305000002,0.09752627149166532,-6.971852057169629
0.768451035022736,bii,1980,Turkey,Europe,4665.200015,-1.0104749097708934,20.862942322055105
0.717310190200806,bii,1980,Slovenia,Europe,18272.628335,1.0075009882974781,32.120659575380174
0.401370823383331,bii,1980,Denmark,Europe,23402.108145,1.774271420777988,19.127712047301358
0.963785886764526,bii,1980,Algeria,Africa,5713.259376,-0.2955558833206526,25.661691044684225
0.768516182899475,bii,1980,Tunisia,Africa,3685.326235,-0.33068856178118133,25.47579484392585
0.868873655796051,bii,1980,Mauritania,Africa,1451.3768825,2.6747608439806023,-5.887483327556874
0.825194537639618,bii,1980,Senegal,Africa,1480.100352,-0.4736829921990105,-6.3073795079415635
0.489821910858154,bii,1980,Burundi,Africa,590.71102495,-10.655375274477892,15.802670390517246
0.851127684116364,bii,1980,Comoros,Africa,1291.5404475,-2.5975349447396643,-16.94756266963962
0.701820552349091,bii,1980,Mozambique,Africa,426.04379975,-0.04919191979206588,-30.568649202703728
0.803118824958801,bii,1980,Malawi,Africa,634.1606421500001,-2.8155095624761075,1.6408789693679087
0.941885769367218,bii,1980,Central African Republic,Africa,900.8146705500001,0.2310508433637921,-17.333230199468872
0.77203232049942,bii,1980,Argentina,Americas,9068.7844005,-0.031528240582220854,-7.091956952993401
0.36011677980423,bii,1980,Uruguay,Americas,7186.311009999999,-2.0219846405742476,17.73360131217072
0.648314476013184,bii,1980,Costa Rica,Americas,5446.3250345,-10.457632130600368,-1.3795700063376666
0.774930894374847,bii,1980,Mexico,Americas,9149.651772000001,-0.9998486196980009,26.338575680679632
0.627800941467285,bii,1980,Dominican Republic,Americas,2880.4672805,-7.536395727208255,18.249098736686484
0.530606389045715,bii,1980,Haiti,Americas,1917.0877719999999,2.3947713218199405,8.655165663079382
0.473904132843018,bii,1980,Mongolia,Asia,2169.3057215,3.079327523004293,41.357214224888885
0.874726533889771,bii,1980,Malaysia,Asia,5085.079302,-1.5405997838055634,52.315915812859146
0.6281977891922,bii,1980,Bosnia and Herzegovina,Europe,4220.363957,0.956100125320929,32.1206596092608
0.781891345977783,bii,1980,Croatia,Europe,13522.20289,0.9421630729541213,32.12065960461441
0.560944974422455,bii,1980,Italy,Europe,17872.35916,10.011957294142375,34.75728532324318
0.501592516899109,bii,1980,Montenegro,Europe,11477.548895,2.716636893422451,32.120659594711114
0.728285610675812,bii,1980,Portugal,Europe,12396.575835,-0.9490520868857927,29.166430671590927
0.594222247600555,bii,1980,Romania,Europe,9650.793674,-0.06137025278992423,11.134250796016321
0.803396463394165,bii,1980,Iceland,Europe,25096.40689,-0.03508736278673723,41.57554182422118
1,bii,1980,Egypt,Africa,3694.5951729999997,0,53.637336305446624
0.80455207824707,bii,1980,Sudan,Africa,1701.6816159999998,0.023875647447198375,-11.890257014754704
0.979328989982605,bii,1980,Benin,Africa,1251.8768129999999,-1.2849812157802625,18.383129693446918
0.708989381790161,bii,1980,Guinea-Bissau,Africa,787.2696796,-0.9148257889208302,-0.656877982557395
0.916643679141998,bii,1980,Mali,Africa,651.09281085,0.4736239839516137,2.7151324972311364
0.621707320213318,bii,1980,Eritrea,Africa,523.0049913,-0.2444988242729314,2.5421552367365328
0.780402481555939,bii,1980,Kenya,Africa,1355.0813235,-0.3235966812649351,8.843046080819386
0.638132214546204,bii,1980,Madagascar,Africa,1229.160303,-1.4655438524670876,-25.342356015168207
0.946876764297485,bii,1980,Zimbabwe,Africa,747.5061734999999,0.051449235337381334,0.6776315743233262
0.765459656715393,bii,1980,Angola,Africa,2593.5809915,0.2641929233708776,-38.84459427193748
0.86238294839859,bii,1980,Cameroon,Africa,2485.3237440000003,-1.2757928721899747,43.346320680257165
0.83657294511795,bii,1980,Gabon,Africa,13488.88519,0.5647745695172114,-18.61300934561663
0.888331174850464,bii,1980,Equatorial Guinea,Africa,947.3610788,-0.8378637110160265,16.170844435229572
0.799770891666412,bii,1980,Chad,Africa,875.1471148,-0.4122840442535551,-21.795144032741355
0.524815797805786,bii,1980,New Zealand,Oceania,18319.800844999998,-5.4416529132949645,13.506443009562144
0.821600377559662,bii,1980,Brazil,Americas,7418.965848,-2.8685971933282834,27.409824304786465
0.880043685436249,bii,1980,Chile,Americas,5321.364745999999,-1.2357601517971852,3.823522723928945
0.706181406974792,bii,1980,Colombia,Americas,4650.3973795,-1.503417106465821,31.35847624633067
0.837104380130768,bii,1980,Ecuador,Americas,6847.78413,-3.9606547449147085,14.505523831223922
0.705182552337646,bii,1980,Nicaragua,Americas,3213.1612655,-1.3027437186550699,-36.8418177582066
0.700105726718903,bii,1980,China,Asia,1170.66269925,-5.774672326260266,65.09860970031907
0.836031019687653,bii,1980,Myanmar,Asia,404.5,0.1508087880802721,11.126373626373626
0.374573200941086,bii,1980,Singapore,Asia,17015.345965,-4.567376758905777,71.80410467820204
0.737084209918976,bii,1980,Thailand,Asia,2687.936777,-9.295464414179193,54.231664353917154
1,bii,1980,Bahrain,Asia,18867.585685,0,0.3361212090576114
1,bii,1980,Jordan,Asia,4305.0479355,0,73.47844548079564
0.611962020397186,bii,1980,Poland,Europe,8766.941088,3.374563601467566,0.10981510167447317
0.95314747095108,bii,1980,Finland,Europe,19837.08492,1.8915341100314702,32.40480011727611
0.358173668384552,bii,1980,Ireland,Europe,13245.593965,2.666912236178528,28.089657660064454
0.667806506156921,bii,1980,Austria,Europe,22642.454845,3.1569205176033033,24.371344143599895
0.533545792102814,bii,1980,Switzerland,Europe,29339.709855,7.757365828948372,8.309767272280117
0.567844688892365,bii,1980,Netherlands,Europe,22525.392034999997,4.152430259049137,12.616247920419362
0.510301291942596,bii,1980,Nigeria,Africa,1481.0016565,-1.2820801083870872,-19.518229438111753
0.510038197040558,bii,1980,Mauritius,Africa,4235.812321,0.993420159686639,34.75970650829402
0.948527038097382,bii,1980,Sao Tome and Principe,Africa,1703.371787,-0.3443501199319858,4.164339075581606
0.768149852752686,bii,1980,Namibia,Africa,3942.415924,0.02097058576554282,3.4406381109434605
0.914611101150513,bii,1980,Canada,Americas,24762.653585,-0.10978750568060015,20.61264870574266
0.738556921482086,bii,1980,Honduras,Americas,3072.4287464999998,-2.4883899844591504,7.1830361234896065
0.599822402000427,bii,1980,Guinea,Africa,831.41141475,-0.7453652370538197,2.8750378487305825
0.687491178512573,bii,1980,Togo,Africa,1273.389657,-1.0055998641875379,-19.97393302203578
0.475049406290054,bii,1980,Puerto Rico,Americas,11306.165529999998,5.853627794775846,19.68270186000719
0.832101225852966,bii,1980,Djibouti,Africa,2879.7853175,0.14496273852172542,-15.000099364321972
0.837269842624664,bii,1980,Japan,Asia,20880.0238,0.7048161468874906,33.039696240874974
0.3591687977314,bii,1980,Bangladesh,Asia,714.48063455,-1.2056128586680939,10.762672793864775
0.616627752780914,bii,1980,South Africa,Africa,8197.044813,-0.7160904318491664,3.7954428525661807
0.790575802326202,bii,1980,Nepal,Asia,747.0027724,-3.877793840426749,9.139084181609666
0.800254762172699,bii,1980,Indonesia,Asia,1632.6149745,-0.6738338685801043,30.93339097386547
1,bii,1980,Kuwait,Asia,29736.232855000002,0,-64.72849405049467
0.674521923065186,bii,1980,Bulgaria,Europe,8232.0232355,-1.0966191799458873,15.864558072461431
0.808658301830292,bii,1980,Paraguay,Americas,4128.6896495,-3.14020681265199,43.06639551025304
0.611939907073975,bii,1980,Germany,Europe,23335.3592,2.4111485244988513,21.131084253288368
0.422437310218811,bii,1980,El Salvador,Americas,4119.393136000001,-9.767420720173991,-14.705014488068159
0.702004075050354,bii,1980,Jamaica,Americas,6209.6444225,-0.7035756976192804,-11.820406060026945
0.761734962463379,bii,1980,Afghanistan,Asia,915.2036918,0.03801193211452808,19.940634385334402
0.623703956604004,bii,1980,India,Asia,916.11810665,-2.166498266272221,19.179923640365384
0.741163909435272,bii,1980,Sri Lanka,Asia,1762.423308,-1.710651965527393,37.572643160566415
0.901316940784454,bii,1980,Pakistan,Asia,1574.0582075,-1.6008164191719214,41.43370063280534
0.683685898780823,bii,1980,Philippines,Asia,2396.45438,-8.414512197030408,9.864130057618583
0.949936628341675,bii,1980,Israel,Asia,16244.75453,-0.737241524967401,24.511640873060077
0.633682608604431,bii,1980,Lebanon,Asia,6508.8054250000005,1.5127179854718251,-19.37603491958462
1,bii,1980,Oman,Asia,15535.00707,0,38.295580881740435
0.688149094581604,bii,1980,Albania,Europe,3684.9067285,1.1699734448258896,7.644679888575645
0.625544905662537,bii,1980,Spain,Europe,14845.576550000002,0.8781818496397498,24.35734794432061
0.642822802066803,bii,1980,Greece,Europe,15694.47464,-0.7475424500540226,16.599319068757342
0.509985744953156,bii,1980,Serbia,Europe,15525.985605,2.257693387223823,32.120659580795504
0.498004496097565,bii,1980,Hungary,Europe,12766.23532,3.0639876858014468,16.88821965853423
0.949007451534271,bii,1980,Norway,Europe,28919.805055,0.296561336094577,36.812981725416314
0.892185389995575,bii,1980,Sweden,Europe,22127.15526,1.7131716510812363,20.62421571488119
0.629684805870056,bii,1980,Belgium,Europe,21752.704485000002,11.896904964891363,21.557042425446003
0.583015859127045,bii,1980,France,Europe,21180.1698,1.7952138661694788,23.14114191536985
NA,NA,1980,Bolivia,Americas,2955.100971,NA,-9.469770029002282
NA,NA,1980,"Congo, Dem. Rep.",Africa,673.26131505,NA,-20.823215989071723
NA,NA,1980,"Congo, Rep.",Africa,4540.3512295,NA,40.30032659971873
NA,NA,1980,Cote d'Ivoire,Africa,2379.833119,NA,-2.783356928112258
NA,NA,1980,Czech Republic,Europe,15843.835975,NA,13.540829007883275
NA,NA,1980,"Hong Kong, China",Asia,17299.5016,NA,77.41195818363049
NA,NA,1980,Iran,Asia,7125.6079865,NA,-33.72271513120386
NA,NA,1980,"Korea, Dem. Rep.",Asia,4106.508804,NA,5.188253891167592
NA,NA,1980,"Korea, Rep.",Asia,7078.0156345,NA,84.12918093169853
NA,NA,1980,Reunion,Africa,5285.2984205,NA,12.843757787160774
NA,NA,1980,Slovak Republic,Europe,11692.906715000001,NA,13.54082904218655
NA,NA,1980,Swaziland,Africa,3940.1119150000004,NA,10.270797553484549
NA,NA,1980,Syria,Asia,3439.306,NA,19.277305652878717
NA,NA,1980,Taiwan,Asia,9240.458262,NA,91.33277634921005
NA,NA,1980,Tanzania,Africa,853.0323431500001,NA,-9.178320190004959
NA,NA,1980,United Kingdom,Europe,19948.606095000003,NA,19.72564510642252
NA,NA,1980,United States,Americas,27446.954775,NA,19.650181357150277
NA,NA,1980,Venezuela,Americas,10517.997379,NA,-11.0499073102043
NA,NA,1980,Vietnam,Asia,764.0176156,NA,8.138238699049223
NA,NA,1980,West Bank and Gaza,Asia,4721.614733,NA,38.5401394002489
NA,NA,1980,"Yemen, Rep.",Asia,1974.6492739999999,NA,27.61028077216372
0.767825484275818,bii,1990,Sudan,Africa,1562.2039034999998,-4.542064044534664,-19.112139936327587
0.666965425014496,bii,1990,Ghana,Africa,965.152983,-7.709983727338412,-11.105112178188048
0.761242508888245,bii,1990,Liberia,Africa,622.8984349499999,-0.717955622588949,-13.685803691748504
0.915160715579987,bii,1990,Mali,Africa,764.6361798,0.31107584588900744,20.627513023527737
0.888903617858887,bii,1990,Niger,Africa,580.7439671,-2.3529903992700856,-34.12263751736581
0.762259483337402,bii,1990,Kenya,Africa,1351.203371,-2.640899420021491,8.531560596268148
0.716516196727753,bii,1990,Somalia,Africa,928.7783624,0.5944548288221729,-31.34320462851018
0.531598806381226,bii,1990,New Zealand,Oceania,19706.869355,-4.219528728294904,22.100489097330815
0.802737414836884,bii,1990,Brazil,Americas,7454.131922500001,-5.0986181139556415,28.013749901066433
0.886523485183716,bii,1990,Chile,Americas,8857.089572,-0.5085547789071834,72.80797019930802
0.92154324054718,bii,1990,Peru,Americas,5142.3642905,-1.853336823911171,-15.83084421603454
0.360433161258698,bii,1990,Uruguay,Americas,8683.6227415,-1.9359058218584013,42.26411525613333
0.758922636508942,bii,1990,Mexico,Americas,9619.8409125,-3.0449599497063513,32.830956788896174
0.727298200130463,bii,1990,Sri Lanka,Asia,2409.1082395000003,-3.549451062806185,88.05209092701918
0.77503901720047,bii,1990,Indonesia,Asia,2751.2382505,-3.803566289589593,120.6453812695751
0.773369371891022,bii,1990,Cambodia,Asia,708.2941727499999,-6.744410174422973,49.65075205046069
0.834455251693726,bii,1990,Myanmar,Asia,381,-0.03795746022606536,4.670329670329671
0.818241655826569,bii,1990,Malaysia,Asia,8705.411221,-7.898549382815404,160.75752292253148
0.663009762763977,bii,1990,Philippines,Asia,2407.929471,-11.184254861549583,10.390199279118633
1,bii,1990,Bahrain,Asia,19663.797980000003,0,4.570306476480311
0.995838940143585,bii,1990,Iraq,Asia,3410.9402410000002,-0.4161059856415017,-71.88508151097778
0.624387323856354,bii,1990,Lebanon,Asia,7822.885352,0.023660835387990575,-3.0986495578424873
0.788548231124878,bii,1990,Croatia,Europe,9161.699694,1.8015668629214925,-10.484274158773987
0.728881359100342,bii,1990,Portugal,Europe,16924.149095,-0.8680269433123997,76.34159302143986
0.51557320356369,bii,1990,Serbia,Europe,8619.694271,3.3780396617305177,-26.64944297625965
0.506736099720001,bii,1990,Hungary,Europe,11124.202675,4.871027371731795,1.853695565550184
0.687282860279083,bii,1990,Austria,Europe,28068.96967,6.1654577145746305,54.178312841141825
0.644281327724457,bii,1990,Belgium,Europe,26568.38366,14.490751288534307,48.46770625515377
0.971375465393066,bii,1990,Algeria,Africa,4910.255849,0.48959227938873257,7.999832116740162
1,bii,1990,Egypt,Africa,3983.9684960000004,0,65.67073765574276
0.995540201663971,bii,1990,Libya,Africa,9553.792278500001,-0.4459798336029053,-55.52518680713908
0.666557013988495,bii,1990,Togo,Africa,1008.29291415,-4.0199877198822,-36.633915755784535
0.63524466753006,bii,1990,Uganda,Africa,730.36493895,-13.912241130187045,-18.598210788088892
0.894630491733551,bii,1990,Zambia,Africa,1141.1192255,-0.6302777761226539,-32.12041010940164
0.839994609355927,bii,1990,Gabon,Africa,14122.4997,0.9760942216202529,-14.790011560589766
0.911304473876953,bii,1990,Canada,Americas,27648.905075,-0.4709242779982872,34.670852760685676
0.792067766189575,bii,1990,Panama,Americas,6866.217651,-5.113961209425572,28.146957365180064
0.588068842887878,bii,1990,Cuba,Americas,5512.417189,-18.088128157730623,-5.657275593070388
0.844957172870636,bii,1990,Trinidad and Tobago,Americas,8081.782029,5.593863710004791,11.326168926195228
0.851192891597748,bii,1990,Japan,Asia,27820.74005,2.379447210444248,77.26334226919536
0.472473531961441,bii,1990,Mongolia,Asia,1843.8270579999999,2.768156198242653,20.148236298906852
0.695814669132233,bii,1990,Thailand,Asia,5234.761021,-14.374035465529083,200.36640432627286
0.72501128911972,bii,1990,Slovenia,Europe,15687.912079999998,2.091925505458492,13.431809226922248
0.42478534579277,bii,1990,Denmark,Europe,28105.54276,7.711414381989795,43.07040135449283
0.802757263183594,bii,1990,Iceland,Europe,26602.745835,-0.1146216850284265,50.07320259470693
0.548307001590729,bii,1990,Switzerland,Europe,32003.426655,10.738607691241008,18.143080148007005
0.596015691757202,bii,1990,France,Europe,25296.79051,4.064999022258823,47.07510372250609
0.566852509975433,bii,1990,Netherlands,Europe,28518.540119999998,3.970447672134708,42.57913822285874
0.763475179672241,bii,1990,Tunisia,Africa,4604.759389000001,-0.9844592068190774,56.78010779954883
0.59701269865036,bii,1990,Guinea,Africa,831.8991026,-1.2102963214432463,2.935382108067227
0.698303699493408,bii,1990,Gambia,Africa,659.6772915,-7.135228926053192,-19.59283629711041
0.499401688575745,bii,1990,Nigeria,Africa,1622.394746,-3.3906112624492777,-11.834533651390993
0.723765254020691,bii,1990,Sierra Leone,Africa,821.6722178,-3.797097092965235,-39.18145391188335
0.795102715492249,bii,1990,Ethiopia,Africa,468.62143330000004,0.4504211096632137,-16.545040371990574
0.937615036964417,bii,1990,Zimbabwe,Africa,742.9353729500001,-0.927188404782032,0.06201475390572543
0.560740828514099,bii,1990,Lesotho,Africa,1081.81713325,0.5865616857393862,74.2125119910012
0.600418388843536,bii,1990,South Africa,Africa,7352.128751,-3.325977865650197,-6.903344189497083
0.80392062664032,bii,1990,Ecuador,Americas,7266.579236,-7.767761760447143,21.50842463535352
0.743794500827789,bii,1990,Paraguay,Americas,4221.9056695,-10.909488765520937,46.2964954008628
0.686878859996796,bii,1990,Nicaragua,Americas,2211.587364,-3.8645260654689944,-56.52884301858286
0.524465799331665,bii,1990,Haiti,Americas,1399.018224,1.2097794096756385,-20.707565342299258
0.757128596305847,bii,1990,Afghanistan,Asia,642.3413731,-0.5669382609823731,-15.818923730481414
0.348223567008972,bii,1990,Bangladesh,Asia,905.2900997500001,-4.216251221946541,40.3429935722314
0.780437767505646,bii,1990,Nepal,Asia,954.3162492,-5.110427409791077,39.42813240530456
0.683088600635529,bii,1990,Albania,Europe,2845.2462525,0.4259921736547225,-16.883751850292736
0.631791889667511,bii,1990,Bosnia and Herzegovina,Europe,3656.5686745000003,1.5336990498770626,14.470758944902185
0.637632548809052,bii,1990,Greece,Europe,18144.597240000003,-1.5489225340866788,34.8020708873409
0.50792133808136,bii,1990,Montenegro,Europe,6734.476193,4.012659472386545,-22.477922352249838
0.674716114997864,bii,1990,Bulgaria,Europe,6136.506099,-1.068145326075346,-13.629548055276599
0.615968227386475,bii,1990,Poland,Europe,8949.2324635,4.051304780513479,2.1914027059203884
0.59993714094162,bii,1990,Romania,Europe,6972.47873,0.8997829385685725,-19.708033761274947
0.955709934234619,bii,1990,Finland,Europe,22185.557595,2.165461621794046,48.07993869576536
0.678151488304138,bii,1990,Guinea-Bissau,Africa,771.1021693499999,-5.224591388865535,-2.69700601632095
0.822093486785889,bii,1990,Senegal,Africa,1380.1338580000001,-0.847699246848936,-12.635411773867014
0.63512921333313,bii,1990,Madagascar,Africa,1013.4860428,-1.9292394387352825,-38.44213811470741
0.694953143596649,bii,1990,Mozambique,Africa,441.62145050000004,-1.0272240562494428,-28.029996288482984
0.502887308597565,bii,1990,Mauritius,Africa,6741.9795705,-0.4225378709641619,114.49184226155758
0.769565522670746,bii,1990,Malawi,Africa,627.7379123999999,-6.875756295614402,0.6114680381573407
0.51511025428772,bii,1990,Rwanda,Africa,663.5065500000001,-20.58946415882703,5.2632564311606345
0.860897719860077,bii,1990,Cameroon,Africa,1743.7503735,-1.4458194365377166,0.5745029513745253
0.93347579240799,bii,1990,Sao Tome and Principe,Africa,1383.926925,-1.9256879315452664,-15.370305783086808
0.826638519763947,bii,1990,Botswana,Africa,8300.626979,-0.15050112685045483,203.02725385611447
0.651947736740112,bii,1990,Costa Rica,Americas,6418.7308155,-9.955822005093612,16.228463969428727
0.728683233261108,bii,1990,Honduras,Americas,3121.0747545,-3.7920122337598086,8.880073634503397
0.407524198293686,bii,1990,El Salvador,Americas,4799.528598000001,-12.952860361847087,-0.6223225812277622
0.702907741069794,bii,1990,Jamaica,Americas,7263.424194499999,-0.5757547807855364,3.1437152446365966
0.479787558317184,bii,1990,Puerto Rico,Americas,15820.510205,6.909413939277728,67.46981114986528
0.755182087421417,bii,1990,Morocco,Africa,2965.074555,-6.306974450717419,37.88431210278314
0.963996052742004,bii,1990,Benin,Africa,1212.0914865,-2.8305202564963734,14.62084939714622
0.890115678310394,bii,1990,Pakistan,Asia,2010.5899924999999,-2.8236882333450684,80.6573490990544
0.911596298217773,bii,1990,Burkina Faso,Africa,939.02386745,-3.3556660201194157,17.51584324269312
0.321628123521805,bii,1990,Singapore,Asia,29144.6839,-18.056562886291093,194.27414134677628
0.8793825507164,bii,1990,Mauritania,Africa,1422.25296,3.916596484276075,-7.7759836026383775
0.478839188814163,bii,1990,Burundi,Africa,547.4075128,-12.658648622879111,7.313473249355581
0.810256659984589,bii,1990,Comoros,Africa,1210.2628025,-7.274786753204696,-22.174117154083508
0.938315868377686,bii,1990,Israel,Asia,19474.06589,-1.9515422005982348,49.263437250226595
0.82139390707016,bii,1990,Djibouti,Africa,2136.086588,-1.143683410790703,-36.951151661948664
1,bii,1990,Jordan,Asia,3538.4866094999998,0,42.58869252274117
0.623365640640259,bii,1990,Eritrea,Africa,748.1646501,0.02158552107897383,46.68773141628882
0.733686089515686,bii,1990,Saudi Arabia,Asia,22714.153980000003,-13.26074015111503,-23.009642037216512
0.768150806427002,bii,1990,Angola,Africa,2452.4932845,0.616694784838363,-42.17137527206998
0.759615957736969,bii,1990,Turkey,Europe,6139.889093,-2.1485826938637005,59.068219781585114
0.944869697093964,bii,1990,Central African Republic,Africa,744.2059284500001,0.5485863889887418,-31.70504191078009
0.575462222099304,bii,1990,Italy,Europe,23344.33466,12.859065128735843,76.01588790245054
0.89528751373291,bii,1990,Equatorial Guinea,Africa,1973.2678945,-0.06134539908174946,141.9734172437827
0.798696160316467,bii,1990,Chad,Africa,1031.5128265,-0.546109920541771,-7.8219985410704815
0.769793093204498,bii,1990,Namibia,Africa,3852.0311295,0.23493730633060136,1.06913266888943
0.363040387630463,bii,1990,Ireland,Europe,21040.38134,4.061908802932326,103.46805511320896
0.687524080276489,bii,1990,Australia,Oceania,25211.3517,-0.7687220779386612,43.561061910979156
0.949988543987274,bii,1990,Norway,Europe,37624.41274,0.40024882477541207,77.9924893282494
0.638063192367554,bii,1990,Germany,Europe,27147.093665,6.783008602951237,40.91734615197293
0.771550297737122,bii,1990,Argentina,Americas,10137.850330000001,-0.09394412346781729,3.860428616190267
0.707418084144592,bii,1990,Colombia,Americas,5781.0051815,-1.3309281763344636,63.2944391293351
0.666284620761871,bii,1990,Guatemala,Americas,4561.8823235,-11.055815844243702,2.383055453875552
0.629987955093384,bii,1990,Dominican Republic,Americas,3329.1577495,-7.21428859243685,36.66876416047889
0.632655560970306,bii,1990,China,Asia,1972.509147,-14.85260688208114,178.18304794327142
0.616520941257477,bii,1990,India,Asia,1311.6121255,-3.2932179814784175,70.63065540149627
1,bii,1990,Kuwait,Asia,37616.769775,0,-55.38102874732534
1,bii,1990,Oman,Asia,19159.38136,0,70.56044857763878
0.631595492362976,bii,1990,Spain,Europe,19524.18174,1.8539266441999918,63.54874826126781
0.910350203514099,bii,1990,Sweden,Europe,24573.305910000003,3.7840425890470355,33.959188069420414
NA,NA,1990,Bolivia,Americas,3143.9214425,NA,-3.6852094079340016
NA,NA,1990,"Congo, Dem. Rep.",Africa,384.95380185,NA,-54.728716262273934
NA,NA,1990,"Congo, Rep.",Africa,3750.2019525,NA,15.884109434545861
NA,NA,1990,Cote d'Ivoire,Africa,1717.169599,NA,-29.853289851674
NA,NA,1990,Czech Republic,Europe,15172.76773,NA,8.731788761670717
NA,NA,1990,"Hong Kong, China",Asia,26567.617599999998,NA,172.45947147343745
NA,NA,1990,Iran,Asia,7749.6217445,NA,-27.918587584562268
NA,NA,1990,"Korea, Dem. Rep.",Asia,2708.4101605,NA,-30.62405337434363
NA,NA,1990,"Korea, Rep.",Asia,14048.90334,NA,265.47151045754083
NA,NA,1990,Reunion,Africa,6086.598617,NA,29.95191670169491
NA,NA,1990,Slovak Republic,Europe,10812.3491865,NA,4.990411747146243
NA,NA,1990,Swaziland,Africa,3714.8954299999996,NA,3.967727498901473
NA,NA,1990,Syria,Asia,3677.39087,NA,27.53423940937375
NA,NA,1990,Taiwan,Asia,17711.23944,NA,266.7286316931398
NA,NA,1990,Tanzania,Africa,807.43433855,NA,-14.0331037243119
NA,NA,1990,United Kingdom,Europe,24389.811950000003,NA,46.380451638171614
NA,NA,1990,United States,Americas,33885.682635,NA,47.71868522119456
NA,NA,1990,Venezuela,Americas,10449.710745,NA,-11.6274034061723
NA,NA,1990,Vietnam,Asia,1187.45995885,NA,68.0718164787881
NA,NA,1990,West Bank and Gaza,Asia,6564.1611875,NA,92.60355988091018
NA,NA,1990,"Yemen, Rep.",Asia,1998.4905995000001,NA,29.151009184593466
0.967726290225983,bii,2000,Algeria,Africa,5755.7039235,0.11208210154225913,26.59524810265394
0.643731415271759,bii,2000,Guinea-Bissau,Africa,577.4682303,-10.034986326177506,-27.13107293419821
0.510460555553436,bii,2000,Burundi,Africa,438.2371021,-6.890839788687148,-14.088235120247939
0.747896015644073,bii,2000,Eritrea,Africa,703.3597625499999,20.00299729831896,37.90313124814003
0.591811895370483,bii,2000,Madagascar,Africa,969.7036040999999,-8.617897791854897,-41.10142813023627
0.504982650279999,bii,2000,Mauritius,Africa,9989.403506999999,-0.007636155484740373,217.80659358355052
0.738102674484253,bii,2000,Malawi,Africa,712.38651435,-10.68303956888887,14.178627104599501
0.539094030857086,bii,2000,Rwanda,Africa,824.37111435,-16.892072128645257,30.783920677596452
0.897237062454224,bii,2000,Equatorial Guinea,Africa,9928.792825,0.1562777368365503,1117.5254741979998
0.762421190738678,bii,2000,Argentina,Americas,10788.510178,-1.2760486169329228,10.526320151070042
0.709939897060394,bii,2000,Colombia,Americas,6380.9201905,-0.979191423638929,80.24007087403916
0.630986332893372,bii,2000,Nicaragua,Americas,2611.934892,-11.687236728760256,-48.65957657218156
0.495184302330017,bii,2000,Haiti,Americas,1236.001043,-4.440872846579025,-29.9469225935348
0.465850442647934,bii,2000,Mongolia,Asia,2618.255797,1.3275618981561375,70.61188836775314
0.768022298812866,bii,2000,Afghanistan,Asia,850.6571965999999,0.8637225266724526,11.481591167958744
0.713499903678894,bii,2000,Sri Lanka,Asia,3492.73712,-5.379310213995105,172.63885769231123
0.77067631483078,bii,2000,Nepal,Asia,1074.2830445,-6.297274216472405,56.95559904264877
0.682097554206848,bii,2000,Albania,Europe,5270.6206315,0.28029098526152324,53.96706416037035
0.70418107509613,bii,2000,Bosnia and Herzegovina,Europe,6732.6370210000005,13.167184518712627,110.76865720286237
0.644188642501831,bii,2000,Spain,Europe,26828.267679999997,3.884754612372383,124.73308513067688
0.599114418029785,bii,2000,Italy,Europe,28268.908935,17.497709714679047,113.14709451768725
0.545917451381683,bii,2000,Hungary,Europe,16426.44,12.979762085607799,50.40121686615854
0.599349617958069,bii,2000,Romania,Europe,9346.9178455,0.800971017341833,7.634951808167472
0.700859367847443,bii,2000,Austria,Europe,34272.050195,8.262638109230524,88.25083139120534
0.565757989883423,bii,2000,Netherlands,Europe,35261.34555,3.7696939629249466,76.28995874061715
0.993275105953217,bii,2000,Libya,Africa,10796.088373499999,-0.6724894046783003,-49.742050106576414
0.728446960449219,bii,2000,Tunisia,Africa,6407.90934,-5.527289362579444,118.1726844392424
0.89784187078476,bii,2000,Burkina Faso,Africa,1127.3391075,-4.813863559026695,41.08289515376105
0.611849665641785,bii,2000,Ghana,Africa,1219.796744,-15.336517485481933,12.348712207514854
0.879988849163055,bii,2000,Mauritania,Africa,1691.0855195,3.988242744460289,9.6560900669236709
0.720598757266998,bii,2000,Sierra Leone,Africa,781.0152345500001,-4.217987952340845,-42.19080308546801
0.74631130695343,bii,2000,Comoros,Africa,1030.9797186,-14.592648844049593,-33.70290598823922
0.747424960136414,bii,2000,Kenya,Africa,1375.3820070000002,-4.535629322308228,10.473640637281546
0.616530001163483,bii,2000,Uganda,Africa,992.0505613999999,-16.448435084807915,10.567589406382014
0.77009642124176,bii,2000,Angola,Africa,3785.2592895,0.8715423100215275,-10.745387017427117
0.946150243282318,bii,2000,Central African Republic,Africa,722.3535718999999,0.6848560878062739,-33.71040859448989
0.838850021362305,bii,2000,Gabon,Africa,12864.09922,0.8385028325784556,-22.382738955227158
0.867746829986572,bii,2000,Sao Tome and Principe,Africa,1475.7637395000002,-8.83140827789187,-9.754314513178972
0.542502701282501,bii,2000,New Zealand,Oceania,24187.40523,-2.2549265136083996,49.861145135619005
0.891945958137512,bii,2000,Chile,Americas,11975.21135,0.09999048792649429,133.6446921168401
0.9200439453125,bii,2000,Peru,Americas,6658.962817,-2.013015521475352,8.99252698591103
0.741497218608856,bii,2000,Honduras,Americas,3324.029753,-2.100182794984767,15.960248548388345
0.780211567878723,bii,2000,Panama,Americas,8582.608785,-6.534278688375956,60.18064937006975
0.628342509269714,bii,2000,Dominican Republic,Americas,5294.591453,-7.456632688220702,117.3538549577055
0.367065161466599,bii,2000,Bangladesh,Asia,1263.822111,0.966392117241387,95.92457539246043
0.828173160552979,bii,2000,Myanmar,Asia,777.5,-0.7905090926539029,113.5989010989011
0.753396153450012,bii,2000,Turkey,Europe,7483.1810510000005,-2.9497989645943776,93.86934683281928
0.834392964839935,bii,2000,Croatia,Europe,13123.805835,7.720121417217489,28.228062953068676
0.744167745113373,bii,2000,Portugal,Europe,20240.27782,1.2110077136423836,110.89407886567166
0.832147061824799,bii,2000,Iceland,Europe,33671.995575,3.5422884302852458,89.95273063304256
0.950118660926819,bii,2000,Norway,Europe,47020.58271,0.41400033071653247,122.44361989257042
1,bii,2000,Egypt,Africa,5167.8927060000005,0,114.90345558414087
0.925009787082672,bii,2000,Benin,Africa,1407.081402,-6.760282355089913,33.05997712588287
0.718037009239197,bii,2000,Gambia,Africa,706.6676631,-4.510970607783636,-13.865244108648948
0.885969340801239,bii,2000,Mali,Africa,996.9956543999999,-2.8886006258233863,57.28409073841282
0.868938088417053,bii,2000,Niger,Africa,610.3756968,-4.546225082897978,-30.761328043619333
0.61992222070694,bii,2000,Togo,Africa,884.5952601500001,-10.73510426341865,-44.40768452295228
0.855575799942017,bii,2000,Ethiopia,Africa,610.4295539,8.09037338302285,8.709013622634698
0.896358251571655,bii,2000,Zambia,Africa,1171.4127655,-0.43836947792762426,-30.31839588899148
0.862520039081573,bii,2000,Cameroon,Africa,1988.0533445,-1.260098952212492,14.665195203701703
0.770249783992767,bii,2000,Namibia,Africa,4441.692590000001,0.294403119851957,16.540599637210992
0.908555448055267,bii,2000,Canada,Americas,34824.10004,-0.7711620218165717,69.61942023703186
0.78476482629776,bii,2000,Brazil,Americas,8598.506834,-7.223377041230423,47.66670550165413
0.697227478027344,bii,2000,Paraguay,Americas,3978.2563535,-16.487211998674866,37.85361585120228
0.391562134027481,bii,2000,El Salvador,Americas,5539.961090000001,-16.362356148627818,14.708862521204175
0.861920654773712,bii,2000,Trinidad and Tobago,Americas,14734.554735,7.713781326698941,102.96780135801899
0.635035812854767,bii,2000,China,Asia,4039.1978750000003,-14.532255247749454,469.6482461551217
0.875777184963226,bii,2000,Pakistan,Asia,2349.3300105,-4.389059941450878,111.0941233364284
0.761098861694336,bii,2000,Cambodia,Asia,1305.0023506500002,-8.224031306889993,175.7252434311963
0.70468544960022,bii,2000,Thailand,Asia,6685.791928000001,-13.282409825195566,283.62539826189703
1,bii,2000,Kuwait,Asia,41208.54772,0,-51.12065663583012
0.605719089508057,bii,2000,Serbia,Europe,8511.3049825,21.453271089749055,-27.571797579210035
0.928097248077393,bii,2000,Sweden,Europe,31600.68964,5.807285975687412,72.26834444304302
0.622557878494263,bii,2000,Switzerland,Europe,35993.68839,25.734656810249948,32.87343440199371
0.605837345123291,bii,2000,France,Europe,29698.02452,5.779870563519153,72.66380234701676
0.737561702728271,bii,2000,Sudan,Africa,2297.8966545000003,-8.304531141417545,18.98059057050426
0.54785144329071,bii,2000,Nigeria,Africa,1814.63185,5.982006601230822,-1.3878319683062446
0.824323177337646,bii,2000,Senegal,Africa,1616.053699,-0.5787773398786986,2.29867570168259
0.762275576591492,bii,2000,Djibouti,Africa,1995.371217,-8.258686752939326,-41.10451423388371
0.716421365737915,bii,2000,Somalia,Africa,904.1114450499999,0.5811411427293884,-33.166622965440645
0.585581243038177,bii,2000,South Africa,Africa,8490.302126,-5.714922955690794,7.50882656181645
0.686607480049133,bii,2000,Australia,Oceania,32561.561085,-0.9010162251743721,85.41537726602002
0.678048729896545,bii,2000,Costa Rica,Americas,8684.2543075,-6.350866667149749,57.25188793448319
0.646161913871765,bii,2000,Guatemala,Americas,5022.198749,-13.742051863468228,12.714010699152011
0.741029024124146,bii,2000,Mexico,Americas,11360.007744999999,-5.330931960493631,56.859215409360935
0.860650420188904,bii,2000,Japan,Asia,30130.329980000002,3.516976152118137,91.9791848214526
0.76825362443924,bii,2000,Indonesia,Asia,3207.282217,-4.645756902537701,157.21945654124406
0.791834354400635,bii,2000,Malaysia,Asia,11329.31687,-10.870960712518329,239.3526771370939
0.655802428722382,bii,2000,Philippines,Asia,2920.701042,-12.149737995157462,33.89792929741067
0.749357402324677,bii,2000,Morocco,Africa,3539.3354069999996,-7.029624495885738,64.5890579959528
0.6060631275177,bii,2000,Guinea,Africa,944.1188973999999,0.2873086507618674,16.8209451790267
0.76168555021286,bii,2000,Liberia,Africa,472.9948547,-0.6601737095482595,-34.45774069949973
0.692103266716003,bii,2000,Mozambique,Africa,728.65178355,-1.433093471438615,18.746658494789283
1,bii,2000,Jordan,Asia,4182.1891825,0,68.52766541899975
0.898744463920593,bii,2000,Zimbabwe,Africa,570.8739604,-5.034435844239503,-23.11202194970762
0.626259624958038,bii,2000,Lebanon,Asia,9887.498755,0.3235939109346194,22.475523894735346
0.796648800373077,bii,2000,Chad,Africa,1430.1227920000001,-0.8010478066614637,27.798566746590385
0.826367259025574,bii,2000,Botswana,Africa,11786.728425,-0.18326665633272654,330.2927906062642
0.655780017375946,bii,2000,Greece,Europe,25026.333339999997,1.2530640285919945,85.92871014583633
0.551294386386871,bii,2000,Lesotho,Africa,1422.2580085,-1.1079557908265207,129.03606602692312
0.631335079669952,bii,2000,Montenegro,Europe,7905.5451965,29.28545373331821,-8.997482356847751
0.629207730293274,bii,2000,Poland,Europe,13696.08188,6.287763563368037,56.39573836089112
0.453880220651627,bii,2000,Denmark,Europe,33722.4594,15.088905515695988,71.66314282622982
0.958995938301086,bii,2000,Finland,Europe,30705.837485,2.5167356959832476,104.94948179286158
0.794532179832458,bii,2000,Ecuador,Americas,6323.153419,-8.844879866373681,5.7328882982456895
0.61391294002533,bii,2000,Belgium,Europe,32089.244415,9.094196439778058,79.31901973129116
0.660598814487457,bii,2000,Germany,Europe,31103.0882,10.554455631220266,61.452444978505376
0.352413833141327,bii,2000,Uruguay,Americas,9169.232497,-4.117747650731772,50.219877992783644
0.582713305950165,bii,2000,Cuba,Americas,7644.374803000001,-18.834098736845498,30.830291063934553
0.688436508178711,bii,2000,Jamaica,Americas,7157.8275615,-2.6226683706083214,1.6441981087392248
0.51880818605423,bii,2000,Puerto Rico,Americas,19092.157594999997,15.604246413763125,102.10220691034381
0.610185623168945,bii,2000,India,Asia,2099.4899305,-4.286968857411434,173.12750155728628
0.305036604404449,bii,2000,Singapore,Asia,41583.14252,-22.283699768870907,319.86537241440533
1,bii,2000,Bahrain,Asia,26599.803805000003,0,41.455360705607546
0.998706519603729,bii,2000,Iraq,Asia,4430.889609,-0.1293480396270974,-63.478076017430126
0.93315577507019,bii,2000,Israel,Asia,23714.43612,-2.4907414275874875,81.76472585212798
1,bii,2000,Oman,Asia,21045.51487,0,87.35116699898327
0.690601527690887,bii,2000,Saudi Arabia,Asia,20334.686560000002,-18.354366781086313,-31.074923649196712
0.785729169845581,bii,2000,Slovenia,Europe,23214.138475,10.641868725570642,67.850362332191
0.701973676681519,bii,2000,Bulgaria,Europe,9188.785272500001,2.9285594677051185,29.330847880714128
0.438363552093506,bii,2000,Ireland,Europe,37376.52287,25.65254317356328,261.44441929840406
NA,NA,2000,Bolivia,Americas,3617.6998869999998,NA,10.829107346993071
NA,NA,2000,"Congo, Dem. Rep.",Africa,259.3588676,NA,-69.49891434092112
NA,NA,2000,"Congo, Rep.",Africa,3558.3098840000002,NA,9.954497710342231
NA,NA,2000,Cote d'Ivoire,Africa,1596.7754675,NA,-34.771413402666326
NA,NA,2000,Czech Republic,Europe,20214.759364999998,NA,44.86394204778252
NA,NA,2000,"Hong Kong, China",Asia,34966.996914999996,NA,258.59781038380413
NA,NA,2000,Iran,Asia,10423.2382325,NA,-3.050528333926387
NA,NA,2000,"Korea, Dem. Rep.",Asia,1619.9118155,NA,-58.50594666590267
NA,NA,2000,"Korea, Rep.",Asia,21291.063954999998,NA,453.870797923929
NA,NA,2000,Reunion,Africa,6993.143879,NA,49.30711026492774
NA,NA,2000,Slovak Republic,Europe,16158.54636,NA,56.903223000783655
NA,NA,2000,Swaziland,Africa,4320.798793,NA,20.92497351620108
NA,NA,2000,Syria,Asia,4137.73671,NA,43.49932406997423
NA,NA,2000,Taiwan,Asia,25976.850065,NA,437.8762289509931
NA,NA,2000,Tanzania,Africa,1003.27819655,NA,6.818237150230332
NA,NA,2000,United Kingdom,Europe,31341.130234999997,NA,88.10021200881192
NA,NA,2000,United States,Americas,41024.376319999996,NA,78.838567228702
NA,NA,2000,Venezuela,Americas,10010.426760499999,NA,-15.342402538652872
NA,NA,2000,Vietnam,Asia,2103.0165405,NA,197.65871885825885
NA,NA,2000,West Bank and Gaza,Asia,3770.4186865,NA,10.630443177459751
NA,NA,2000,"Yemen, Rep.",Asia,2257.7953665,NA,45.90839215792572
